<?xml version="1.0" encoding="UTF-8"?>
    <addon id="repository.AnimesGo" name="AnimesGo" version="0.0.1" provider-name="Death Rc">
        <requires>
            <import addon="xbmc.addon" version="12.0.0"/>
        </requires>
        <extension point="xbmc.addon.repository" name="AnimesGo">
            <info compressed="false">https://raw.githubusercontent.com/BartOtten/kodi-repo-bootstrap/_repo/addons.xml</info>
            <checksum>https://raw.githubusercontent.com/BartOtten/kodi-repo-bootstrap/_repo/addons.xml.md5</checksum>
            <datadir zip="true">https://raw.githubusercontent.com/BartOtten/kodi-repo-bootstrap/_repo/</datadir>
            <hashes>false</hashes>
        </extension>
        <extension point="xbmc.addon.metadata">
            <summary>Melhor do mundo encontra aqui.</summary>
            <description>Um addon criado para a Comunidade Otaku compartilhar e curtir aquilo que mais gosta. Animes Go!, um mundo novo e emocionante.</description>
            <platform>all</platform>
    </extension>
</addon>