<channels>
	<channel>
		<name>Últimos Adicionados</name>
		<thumbnail>http://imgur.com/a/FF7Gw</thumbnail>
		<externallink>https://pastebin.com/raw/iaM75zMZ</externallink>
		<fanart>https://goo.gl/qSYgEf</fanart>
	</channel>

	<channel>
		<name>Animes Legendados</name>
		<thumbnail>http://imgur.com/HAEjiQY</thumbnail>
		<externallink>https://pastebin.com/raw/muq9haC4</externallink>
		<fanart>https://goo.gl/qSYgEf</fanart>
	</channel>	

	<channel>
		<name>Animes Dublados</name>
		<thumbnail>http://i.imgur.com/Egc38c9.png</thumbnail>
		<externallink>https://pastebin.com/raw/ys4Erbvz</externallink>
		<fanart>https://goo.gl/qSYgEf</fanart>
	</channel>
</channels>